{
  "name": "@smallstack/datalayer",
  "version": "1.0.0",
  "main": "dist/bundles/server.umd.js",
  "browser": "dist/bundles/browser.umd.js",
  "typings": "dist/index.d.ts",
  "homepage": "https://smallstack.io",
  "description": "smallstack datalayer",
  "scripts": {
    "prebuild": "rimraf dist",
    "build-only": "tsc",
    "build": "npm run build-only && npm run copydts && npm run bundle",
    "bundle": "npm run rollup:browser && npm run rollup:server && npm run copypackagejson",
    "copydts": "copyfiles -u 1 \"dist/**/*.d.ts\" dist/bundles/dts",
    "copypackagejson": "cp package_bundle.json dist/bundles/package.json",
    "prepublish": "npm run build",
    "lint": "tslint **/*.ts",
    "watch": "nodemon -e ts --ignore dist/ -x npm run build",
    "rollup:browser": "rollup -i ./dist/browser.js -o ./dist/bundles/browser.umd.js -n ng.meteor -c rollup.config.js",
    "rollup:server": "rollup -i ./dist/server.js -o ./dist/bundles/server.umd.js -n ng.meteor -c rollup.config.js"
  },
  "devDependencies": {
    "@angular/common": "2.4.5",
    "@angular/compiler": "2.4.5",
    "@angular/core": "2.4.5",
    "@angular/forms": "2.4.5",
    "@angular/platform-browser": "2.4.5",
    "@angular/platform-browser-dynamic": "2.4.5",
    "@angular/router": "3.4.5",
    "chance": "1.0.4",
    "copyfiles": "1.1.0",
    "jquery": "3.1.1",
    "moment": "2.17.1",
    "ng2-bootstrap": "1.3.1",
    "ng2-charts": "1.5.0",
    "ng2-file-upload": "1.2.0",
    "nodemon": "1.11.0",
    "rollup": "0.41.4",
    "rollup-plugin-angular": "^0.4.4",
    "rollup-plugin-html": "^0.2.1",
    "rollup-plugin-sass": "^0.4.8",
    "rxjs": "5.0.3",
    "rxjs-es": "^5.0.0-beta.12",
    "toastr": "2.1.2",
    "tslint": "4.4.2",
    "typescript": "2.1.5",
    "underscore": "1.8.3",
    "zone.js": "0.7.6",
    "rimraf": "2.5.4"
  },
  "dependencies": {
    "reflect-metadata": "0.1.9",
    "rollup-plugin-alias": "^1.2.0",
    "rollup-plugin-cleanup": "^1.0.0",
    "rollup-plugin-commonjs": "^7.0.0",
    "rollup-plugin-includepaths": "^0.1.8",
    "rollup-plugin-node-resolve": "^2.0.0",
    "rollup-plugin-replace": "^1.1.1",
    "rollup-plugin-typescript": "^0.8.1",
    "toastr": "2.1.2"
  }
}
