{
    "compilerOptions": {
        "experimentalDecorators": true,
        "module": "es2015",
        "target": "es5",
        "noImplicitAny": false,
        "suppressImplicitAnyIndexErrors": true,
        "allowSyntheticDefaultImports": true,
        "moduleResolution": "node",
        "emitDecoratorMetadata": true,
        "forceConsistentCasingInFileNames": true,
        "sourceMap": true,
        "declaration": true,
        "noEmitHelpers": true,
        "outDir": "./dist",
        "rootDir": "./",
        "lib": ["es2015", "dom"]
    },
    "files": [
        "index.ts",
        "browser.ts",
        "server.ts"
    ],
    "exclude": [
        "node_modules"
    ]
}
