{
    "model": {
        "name": "Address",
        "schema": [
            {
                "name": "street",
                "type": "string"
            },
            {
                "name": "streetNumber",
                "type": "string"
            },
            {
                "name": "zip",
                "type": "number",
                "min": 4,
                "max": 5
            },
            {
                "name": "city",
                "type": "string"
            }
        ]
    }
}
