{
    "collection": {
        "name": "emails"
    },
    "service": {
        "name": "EmailService",
        "queries": [{
            "name": "getAllMails",
            "selector": {},
            "sort": {
                "createdAt": -1
            },
            "access": {
                "hasRole": "backoffice.emails"
            }
        }]
    },
    "model": {
        "name": "Email",
        "schema": [{
                "name": "createdAt",
                "type": "date"
            },
            {
                "name": "sentAt",
                "type": "date",
                "optional": true
            },
            {
                "name": "from",
                "type": "string"
            },
            {
                "name": "to",
                "type": "string[]",
                "optional": true
            },
            {
                "name": "toUserIds",
                "type": "foreign[]",
                "foreignType": "User",
                "optional": true
            },
            {
                "name": "cc",
                "type": "string[]",
                "optional": true
            },
            {
                "name": "bcc",
                "type": "string[]",
                "optional": true
            },
            {
                "name": "subjects",
                "type": "object",
                "blackbox": true
            },
            {
                "name": "contents",
                "type": "object",
                "blackbox": true
            },
            {
                "name": "htmlMail",
                "type": "boolean",
                "optional": true,
                "defaultValue": false
            },
            {
                "name": "status",
                "type": "string",
                "defaultValue": "CREATED",
                "allowedValues": [
                    "CREATED",
                    "SCHEDULED",
                    "SENDING",
                    "SENT"
                ]
            }
        ]
    }
}