{
    "collection": {
        "name": "languages"
    },
    "service": {
        "name": "LanguageService",
        "queries": [
            {
                "name": "getAllLanguages",
                "selector": {}
            },
            {
                "name": "getLanguageByKey",
                "selector": {
                    "key": ":key"
                }
            }
        ]
    },
    "model": {
        "name": "Language",
        "schema": [
            {
                "name": "key",
                "type": "string"
            },
            {
                "name": "fallback",
                "type": "string[]",
                "optional": true
            }
        ]
    }
}
