{
    "collection": {
        "name": "localizations"
    },
    "service": {
        "name": "LocalizationService",
        "queries": [
            {
                "name": "getLocalizationsForLanguage",
                "selector": {
                    "language": ":languageKey"
                }
            },
            {
                "name": "getLocalizationForLanguage",
                "selector": {
                    "key": ":key",
                    "language": ":languageKey"
                }
            },
            {
                "name": "getLocalizations",
                "selector": {},
                "sort": {
                    "key": 1
                }
            },
            {
                "name": "getLocalizedTextsByIds",
                "selector": {
                    "_id": {
                        "$in": ":ids:string[]"
                    }
                }
            },
            {
                "name": "getLocalizedTextById",
                "selector": {
                    "_id": ":id:string"
                }
            }
        ]
    },
    "model": {
        "name": "LocalizedText",
        "schema": [
            {
                "name": "key",
                "type": "string"
            },
            {
                "name": "value",
                "type": "string",
                "optional": true
            },
            {
                "name": "language",
                "type": "string"
            }
        ]
    }
}
