{
	"collection": {
		"name": "mediaformats"
	},
	"service": {
		"name": "MediaFormatService",
		"queries": [{
				"name": "getMediaFormatByName",
				"selector": {
					"name": ":name"
				}
			},
			{
				"name": "getAllMediaFormats",
				"selector": {}
			},
			{
				"name": "getMediaFormatsByIds",
				"selector": {
					"_id": {
						"$in": ":ids:string[]"
					}
				}
			},
			{
				"name": "getMediaFormatById",
				"selector": {
					"_id": ":id:string"
				}
			}
		]
	},
	"model": {
		"name": "MediaFormat",
		"schema": [{
				"name": "name",
				"type": "string",
				"unique": true
			},
			{
				"name": "preprocessed",
				"type": "boolean",
				"defaultValue": true
			},
			{
				"name": "command",
				"type": "string",
				"optional": true,
				"allowedValues": [
					"resize",
					"scale",
					"blur",
					"cover"
				]
			},
			{
				"name": "parameters",
				"type": "any",
				"optional": true,
				"blackbox": true
			},
			{
				"name": "isDefault",
				"type": "boolean",
				"optional": true,
				"defaultValue": false
			}
		]
	}
}
