{
	"collection": {
		"name": "medias"
	},
	"service": {
		"name": "MediaService",
		"queries": [
			{
				"name": "getMediaByIds",
				"selector": {
					"_id": {
						"$in": ":ids:string[]"
					},
					"ownerId": "_currentLoggedInUser_"
				}
			},
			{
				"name": "getMediaById",
				"selector": {
					"_id": ":id:string"
				}
			},
			{
				"name": "getAllMedias"
			},
			{
				"name": "getMediasByTag",
				"selector": {
					"tags": ":tag"
				}
			}
		]
	},
	"model": {
		"name": "Media",
		"schema": [
			{
				"name": "ownerId",
				"type": "foreign",
				"foreignType": "User",
				"optional": true
			},
			{
				"name": "createdAt",
				"type": "date"
			},
			{
				"name": "contentType",
				"type": "string",
				"optional": true
			},
			{
				"name": "availableFormatIds",
				"type": "foreign[]",
				"foreignType": "MediaFormat",
				"optional": true,
				"defaultValue": []
			},
			{
				"name": "tags",
				"type": "string[]",
				"optional": true,
				"defaultValue": []
			}
		]
	}
}
