{
    "collection": {
        "name": "navigation"
    },
    "service": {
        "name": "NavigationService",
        "queries": [{
                "name": "getNavigationForType",
                "selector": {
                    "type": ":type"
                }
            },
            {
                "name": "getNavigationEntryById",
                "selector": {
                    "_id": ":id:string"
                }
            }
        ]
    },
    "model": {
        "name": "NavigationEntry",
        "schema": [{
                "name": "label",
                "type": "string",
                "optional": true
            },
            {
                "name": "i18nLabel",
                "type": "string",
                "optional": true
            },
            {
                "name": "icon",
                "type": "string",
                "optional": true
            },
            {
                "name": "route",
                "type": "string"
            },
            {
                "name": "requiresAuthentication",
                "type": "boolean",
                "defaultValue": true
            },
            {
                "name": "loginRoute",
                "type": "string",
                "optional": true
            },
            {
                "name": "requiredRole",
                "type": "string",
                "optional": true
            },
            {
                "name": "templateUrl",
                "type": "string",
                "optional": true
            },
            {
                "name": "controllerName",
                "type": "string",
                "optional": true
            },
            {
                "name": "pageId",
                "type": "string",
                "optional": true
            },
            {
                "name": "visibility",
                "type": "string",
                "allowedValues": ["alwaysVisible", "alwaysHidden", "onlyAnonymous", "onlyAuthenticated"],
                "defaultValue": "alwaysVisible"
            },
            {
                "name": "index",
                "type": "number"
            },
            {
                "name": "type",
                "type": "string",
                "optional": true
            },
            {
                "name": "stateName",
                "type": "string"
            },
            {
                "name": "abstract",
                "type": "boolean",
                "optional": true,
                "defaultValue": false
            },
            {
                "name": "defaultRoute",
                "type": "boolean",
                "optional": true,
                "defaultValue": false
            },
            {
                "name": "substateOfId",
                "type": "foreign",
                "foreignType": "NavigationEntry",
                "optional": true
            },
            {
                "name": "badge",
                "type": "number",
                "optional": true
            },
            {
                "name": "trackingEnabled",
                "type": "boolean",
                "defaultValue": true
            },
            {
                "name": "redirectTo",
                "type": "string",
                "optional": true
            }
        ]
    }
}
