{
    "collection": {
        "name": "roles"
    },
    "service": {
        "name": "RolesService",
        "queries": [{
                "name": "getRoleByName",
                "selector": {
                    "name": ":name:string"
                }
            },
            {
                "name": "getRoleById",
                "selector": {
                    "_id": ":id:string"
                }
            },
            {
                "name": "getRolesByIds",
                "selector": {
                    "_id": {
                        "$in": ":ids:string[]"
                    }
                }
            },
            {
                "name": "getAllRoles"
            }
        ],
        "securedmethods": []
    },
    "model": {
        "name": "Role",
        "schema": [{
                "name": "name",
                "type": "string",
                "unique": true,
                "index": true,
                "min": 3
            },
            {
                "name": "subRoleIds",
                "type": "foreign[]",
                "foreignType": "Role",
                "optional": true,
                "defaultValue": []
            }
        ]
    }
}
