{
    "collection": {
        "name": "uploadedfiles"
    },
    "service": {
        "name": "UploadedFileService",
        "queries": [
            {
                "name": "getUploadedFilesByIds",
                "selector": {
                    "_id": {
                        "$in": ":ids:string[]"
                    },
                    "ownerId": "_currentLoggedInUser_"
                }
            },
            {
                "name": "getFileById",
                "selector": {
                    "_id": ":id:string"
                },
                "ownerId": "_currentLoggedInUser_"
            }
        ]
    },
    "model": {
        "name": "UploadedFile",
        "schema": [
            {
                "name": "ownerId",
                "type": "foreign",
                "foreignType": "User",
                "optional": true
            },
            {
                "name": "createdAt",
                "type": "date"
            },
            {
                "name": "contentType",
                "type": "string",
                "optional": true
            }
        ]
    }
}
