{
    "collection": {
        "name": "users"
    },
    "service": {
        "name": "UserService",
        "queries": [{
                "name": "getUsersByIds",
                "selector": {
                    "_id": {
                        "$in": ":ids"
                    }
                },
                "fields": {
                    "profile.displayName": 1,
                    "profile.avatarUrl": 1,
                    "profile.avatarId": 1,
                    "services.facebook.id": 1,
                    "services.google.picture": 1,
                    "roleIds": 1
                }
            },
            {
                "name": "getUserById",
                "selector": {
                    "_id": ":id"
                },
                "fields": {
                    "profile.displayName": 1,
                    "profile.avatarUrl": 1,
                    "profile.avatarId": 1,
                    "services.facebook.id": 1,
                    "user.services.google.picture": 1,
                    "roleIds": 1
                }
            },
            {
                "name": "getAllUsers",
                "selector": {},
                "fields": {
                    "profile.displayName": 1,
                    "profile.avatarUrl": 1,
                    "profile.avatarId": 1,
                    "services.facebook.id": 1,
                    "user.services.google.picture": 1,
                    "roleIds": 1
                }
            },
            {
                "name": "getMyUser",
                "selector": {
                    "_id": "_currentLoggedInUser_"
                },
                "fields": {
                    "services.password": 0,
                    "services.resume": 0,
                    "services.facebook.expiresAt": 0,
                    "services.facebook.accessToken": 0,
                    "services.google.accessToken": 0,
                    "services.google.idToken": 0,
                    "services.google.expiresAt": 0,
                    "services.google.scope": 0,
                    "services.google.verified_email": 0,
                    "services.email.verificationTokens": 0
                }
            }
        ],
        "skipSecuredMethodsGeneration": true,
        "securedmethods": [{
            "name": "updateProfileDetails",
            "parameters": [
                "newValues:any"
            ]
        }]
    },
    "customTransformMethod": "transformUsers",
    "model": {
        "name": "User",
        "schema": [{
                "name": "profile",
                "type": "Object"
            },
            {
                "name": "emails",
                "type": "Object[]",
                "optional": true
            },
            {
                "name": "createdAt",
                "type": "number"
            },
            {
                "name": "services",
                "type": "Object",
                "optional": true
            },
            {
                "name": "roleIds",
                "type": "foreign[]",
                "optional": true,
                "foreignType": "Role",
                "defaultValue": []
            }
        ]
    }
}
